Type,Tag,ID,Description
format,1P Comic,GHthFcCppABKx-okOMBFM,"1P comics are a type of 4-koma manga that presents four panels per comic strip, stacked on top of each other vertically. 1P comics include single strip per page."
format,4-koma,tB4Ui5aRWgAcndT2B7g4r,"4-koma manga present four panels per comic strip that traditionally are the same size and stack on top of each other vertically. These titles are usually gag manga, with a single joke or self-contained story in each strip, and little to no continuity between the strips."
genre,Action,mY-Rn3R6X09oEa3mgRBd7,"Action is about conflict. Whether with guns, blades, fists, or mysterious powers, these manga feature characters in combat - either to protect themselves or the things or people they value, or simply as a way of life."
theme,Adult Couples,kRcHsa_5h0K_9C-vzcOrq,These manga feature romantic or sexual relationships between two adults.
genre,Adventure,KYsWQRUoZZbD8LWulIwpr,"In these manga, characters embark on a journey to explore the world or to search for something. These wanderers travel to many places and meet new people, often encountering hardships along the way, or discovering strengths and weaknesses about themselves that are revealed throughout the adventure."
theme,Afterlife,FU_mBv04f9gUVCc4PwGVF,"These manga focus on the afterlife. The manga might take place in Heaven or Hell, focus on purgatory and the judging of souls, or other topics that cover life after death."
theme,Age Gap,RUFd2D5n0xJsTd5xbXjZh,"These manga showcase a relationship where the characters are in two different age groups, based on societal norms. While not always the case, these characters sometimes must overcome challenges or societal stigma associated with the Age Gap."
theme,Age Transformation,_SUt4Ur5reSDG-_GDsLsD,"Characters in these manga experience transformations that alter their age, be they through magical or other means."
theme,Aging,lvaAJrCRNVEq_aVOAb0Lt,"These manga address issues that middle-aged and elderly people face. Common themes include dealing with declining health, losing a life-long spouse, or having a mid-life crisis. More upbeat topics can include enjoying retirement, learning to adjust to modern times, or becoming a parent later in life."
theme,Alcohol,fSv5--6EsbRfqrFyLXt0P,"Alcohol is the subject of these manga. The story might take place in a Bar, where beer, wine, or spirits are served to patrons. Characters in these manga might run a brewery, or are sommeliers, alcoholics, or simply enjoy the experience of drinking alcohol. These manga may offer step-by-step Recipes for how to make cocktails or alcoholic beverages."
theme,Aliens,g2AnfCW1b_HYRSDs3V4tP,"The universe is vast, and it's easy to imagine that there might be non-human life on distant worlds. Whether physically similar to mankind or vastly different, these works feature beings born on other worlds. Manga that take place on Earth might encounter unexpected visitors with unknown intentions; or on the homeworld of another culture, human beings are the Aliens."
theme,All-Boys School,l8upn1RT0tU4M7x1bQpra,Characters in these manga attend an all-boys school.
theme,All-Girls School,nHv9pA4Xo1geNdFIdYG47,Characters in these manga attend an all-girls school.
theme,Amnesia,PN6TMxxZCTIxHmoY5JaWL,"Characters with amnesia have partial or full memory loss. These manga feature characters that suffer from amnesia due to an injury or trauma, an Illness, or a Supernatural occurrence."
theme,Ancient China,kWwQHOZLMdFSI_s9_cJUb,"These manga take place in China during ancient or imperial times, or are set in a world similar to ancient China. Some works may be influenced or inspired by famous Chinese novels such as \\""Romance of the Three Kingdoms\\"" or \\""Journey to the West\\"", Chinese mythology, or historical figures from Chinese history. Common themes involve the happenings within the imperial court, waging war and forging political alliances, dynastic politics, and palace intrigue. Ancient China is a common setting for Wuxia titles."
theme,Anthropomorphic,y4fDEATi9YnsfjMUC99vj,"Anthropomorphism describes attributing human characteristics to inanimate objects, animals, plants, or other natural phenomena. Characters in these manga may walk on two legs, wear clothes, or have a human appearance. Common examples in anime and manga include anthropomorphic animals, food, or objects. Not to be confused with Animal Characteristics, which describes characters that have animal-like features, such as a human with a tail."
theme,Animal Protagonists,MX2-cM0DusjmglRYYFBko,"These manga feature animal protagonists, be they household pets, dinosaurs or other real-world animals. The characters can appear in normal, anthropomorphic or occasionally fantastical forms, for example, the animals in Dogtato-kun are food-based representations of normal animals. Mythical creatures such as unicorns or centaurs are not included in this categorization."
theme,Animal Transformation,a_lmT2aRXvTykSMPWR8-m,"These manga feature humans that transform into animals, or animals that transform into humans. They might use magic to alter their form, change against their will due to a Curse, or naturally have the ability to shape-shift. Werewolves are a common example of natural lycanthropes."
format,Anthology,oGSTigMwOd5SpT__RpTjU,"Anthologies are a compilation of One Shot manga from multiple authors or artists, unlike Collections, which are a compilation of One Shots from a single author."
theme,Apartment Life,l5LIqEj_Fo6Ed_CMcJ-rh,"These manga focus on life in an apartment complex or Boarding House. Typical themes include interactions between Neighbors, landlords or their management of the apartments and tenants, or moving in or out of the complex."
theme,Apocalypse,htwyiw1e_F7lzPq96Iiw3,"In these manga, an apocalypse has just occurred, threatening the world with extinction. Mankind might be under attack from Zombies, Insects, or Monsters. Or, the apocalypse may have been triggered by a Pandemic, a Natural Disaster, or another cause. Unlike Post-apocalyptic manga where society struggles to rebuild, characters in these manga focus on Survival, or on understanding and containing the disaster. "
theme,Arranged Marriage,TB8_zYCPKPE44ExAkq0OU,"An Arranged Marriage is a type of marital union where a third party selects the bride and the groom, rather than the two future newlyweds selecting each other for love or other reasons. Characters in these manga face, or are in, an arranged marriage."
format,Art Book,308z0NMtPeizkarJ85enG,"These manga showcase characters who study and practice art, such as painting, sculpture, or architecture. They may be a student in a formal school setting, or are studying under a more experienced mentor, or are a professional earning their living through an artistic craft."
theme,Assassin,aN-jlz8bzOm1ms2CyobwJ,"Assassins specialize in killing targeted individuals. These manga showcase assassins in training or on the job, whether they're a part of an organized group or work as freelancers."
theme,Aviation,mASLFLxxxvhMKbivpnQi9,"Aviation concerns the mechanics of aircraft design and operation. These manga feature pilots, mechanics, or engineers of planes or helicopters, or even stranger creations like airships; those featuring spacecraft or mecha do not qualify unless they also have a strong focus on air travel."
theme,Basketball,Z0RmnbuHQJHb3YXADgIJ4,"Basketball is the focus of these manga. Training and competing in tournaments or championships are common themes in sports titles, as well as team spirit, or being an underdog who goes against the odds to succeed."
theme,Bathhouse,DL2ph4Ah1Cu3EzHw5Xwnk,These manga focus on or primarily take place in a bathhouse. Public bathhouses are known as sento (\\u92ad\\u6e6f) in Japan. Bathing facilities are usually divided by gender and have separate showers to wash before soaking in the communal bath.
theme,Battle Royale,f_bA072oH9SjPrFWnEDMD,These manga are like Hunger Games: a group of players are pitted against each other (PVP) until only one remains. Battle Royale-style manga typically feature a High Stakes Game that's Play or Die: a battle to the death.
theme,Betrayal,AOXR0so3QRvoxaNXR0MEC,"Characters in these manga suffer through a serious betrayal from someone they trust or care about. It may involve Infidelity, being Framed for a Crime, or even the murder of themselves or someone they love."
theme,Blackmail,w_69G8qNv2dZD8AlQLeQz,"Blackmail is forcible coercion, convincing someone to do something they'd rather not by threatening to reveal something privileged or secret, or some other form of harm. These manga typically focus on a single instance of blackmail that is central to a story, delving into how and why the situation comes about or its eventual effects on both the blackmailer and the victim."
theme,Boarding House,wlwZW1Kc3SyKuxJ3k3g-F,"Characters in these manga live in a boarding house: a large building or complex that houses multiple individuals or renters, usually with shared areas for the community. Off-campus, shared dormitory buildings qualify for the tag as well, as long as the housing situation is similar to a traditional boarding house."
theme,Boarding School,FIB39UPbzCooIomhPkx5O,These manga take place at a boarding school: an institution that acts as both a dormitory and a school for students who live on-premises.
theme,Body Sharing,bEdRp-HlZ9AlHftpJyv_a,"These manga showcase characters that have two or more personalities inhabiting the same body through some form of fantastical means, such as possession. Unlike a character with a Split Personality, these consciousnesses are two entirely different 'people' sharing the same body."
theme,Body Swap,149UVE0S6sMUufb4cgsP-,"In these manga, two characters' consciousnesses transfer into each other's physical bodies, whether by scientific or supernatural means."
theme,Boss-Employee Relationship,UBY6nsdDQrzWRvR2Rk9BW,"These manga focus on a romantic or sexual relationship between a boss and their subordinate. The bosses might be CEOs, company presidents, or simply the manager in charge. Employees might be secretaries, assistants, or simply a direct report."
theme,Bounty Hunter,5_Qe0hZ2KBlaSDwfIo9Sf,"These manga follow bounty hunters as they travel the land or the galaxy, tracking criminals or targets, capturing or killing them, and collecting the bounties on their heads."
theme,Fourth Wall Breaking,2rWf9w5oxHCsoN9r7mjqs,"These manga feature characters that are aware that they are part of a story, and at times, pause to speak to the audience."
theme,Brother Complex,-xzmKoJEeONRN3wbE0gid,"These manga feature Siblings with a Brother Complex: they want nothing more than to ensure the well-being and happiness of their beloved brother, often to an unhealthy or even romantic degree. They're known to be over-protective and jealous of their brother's suitors."
theme,Butler,DtRHL3JrO-bwLw4kNzGtd,"Butlers live to serve. They make tea, set tables, greet guests and make sure the house is in order - not to mention, they execute their masters' requests. These manga showcase butlers, and often the Master-Servant Relationships that occur."
theme,Cafe,gJtOu1MPVk1wHaI8M1vD5,These manga predominantly take place in a cafe.
theme,Card Battle,4wu_UqjjKom7a_VbQjpnn,"In these manga, characters summon creatures or constructs from cards to battle the forces of their opponent. Common themes include card collecting, training, and participating in matches and tournaments."
theme,Cars,cEUnLQO46-kmJARmUEuPC,"They're fast, they're sexy and they're the perfect way to get from A to B in style. They're cars! These manga showcase automobiles and the characters who interact with them, from street races to cars used in combat, to AI-controlled vehicles that have gone awry."
theme,Catholic School,CsLWSy0lmc44s5yrmluPl,"These manga take place in Catholic schools: educational institutions run by the Catholic church. Some may be All Boys Schools or All Girls Schools, particularly if they are Boarding Schools. Classes are usually taught by Nuns or Priests and have a religious curriculum based on Catholic doctrine."
theme,Cheats,dZXNeRHk9lCN5WAT5-JpV,"Characters in these manga have gained a way to cheat the system through fantastical means, whether the cheat breaks the rules of a game world, the real world, or an isekai fantasy world. Examples include: a game-based levelling system that appears to only them in the real world; finding or being given a game-breaking item; or acquiring an ability to level up faster than usual, or to instantly access new skills. Special, overpowered abilities aren't considered cheats if they are game-sanctioned - for those manga, see Overpowered Main Characters."
theme,Cheerleading,jqKBTi8azNFRLUhzLo9vE,"These manga focus on cheerleading. They may show recruiting, practicing, performing at events, or just follow the day-to-day lives of cheerleaders."
theme,Chess,oXwK32zhUTDAaiTQJHlQD,"These manga focus on chess: a two-player, strategy Board Game where each player controls sixteen pieces on a checkered board.  and tries to capture their opponent's pieces. Players move the game pieces to capture the other's until the opponent's king is unable to escape. Checkmate!"
theme,Childcare,Um5RJTh-cMUGUMCKxE3S9,"The main characters in these manga provide care for children, either through the industry or individually. They might be a single parent, or suddenly become an adopted parent or guardian for a child, or work as a nanny or caregiver."
theme,Childhood Friend,OUnzo2U3ls0aRKTBgOSKP,"These manga primarily focus on one or more childhood friends. The friends might have reunited after a long period of time apart, or they might be characters who start a relationship in a Romance manga. A Childhood Promise might also be involved."
theme,Childhood Promise,74f2uF6FVP2fIF3olZDQQ,"When they were young, characters in this manga made a promise to each other; in the present, they might be working to fulfill that promise, or they might have forgotten it due to amnesia. Common childhood promises include promising to marry, to return home, or to make it big in a specific career or field."
theme,Child Protagonist,NnjqUsxMhis-dhDaihvbi,"These manga feature a protagonist that is under the age of 12. Stories with child protagonists can focus on the challenges of growing up, the innocence of childhood, or or on a child's day-to-day life and misadventures. Does not include cases where adults or teenagers have either undergone an Age Transformation or have become a child due to Reincarnation or transmigration and still possess memories of their past life."
theme,Christianity,9W7OiYxG_6COf0WfEMqFD,"These manga have themes related to the Religion of Christianity. They may focus on the life of Jesus or other historical Christian religious figures, showcase stories from the Bible, or show other aspects of Christian life, such as becoming a priest or nun."
theme,Christmas,9QDPJFxSDHqw2nu2sOot4,"These manga take place during the Christmas season or focus on the holiday. Common themes include finding and exchanging gifts, Santa Claus, Christmas Eve festivities, or other topics related to the season."
theme,Circus,SRPLXCXOriklvGOeXoc_p,"These manga center on a circus: a company of performers such as clowns, fire eaters, trapeze artists, members of a freak show, or tightrope walkers. The group might travel from town to town, or might have a stationary location to entertain their audience."
theme,Codependency,fltcoM8cri3NJHKutYCwi,"These manga feature characters that are in dysfunctional, codependent relationships with lovers, family, or friends. Their reliance on each other means they are unable to thrive normally or to live as independently as they should. Sometimes, these relationships can escalate into Obsessive Love."
theme,Cohabitation,d6_AAM2wXL8Y7qqMprWIZ,"Cohabitation is an arrangement where unmarried people who are in a romantic or sexual relationship live together. These manga showcase the ups and downs of cohabitation, such as the little things that happen in day-to-day life, intimacy, or even breakups. Occasionally, cohabitation can involve poly relationships."
theme,College,MyWW8wQYKWkMHAT9A2vI-,"These manga take place in a college, a university, or a post-secondary school."
theme,Combining Mecha,Pi5j8F0bpzXghnYE2tFQm,"These manga feature multiple Mecha which can Transform and attach to each other in modular fashion, creating larger and more powerful super-machines that can act in new ways."
genre,Comedy,UyGbEnML42JzGJdH-CM4V,"These manga aim to make you laugh through satire, parody, humorous observations, slapstick scenarios, or absurd antics. Bonus points for spitting your drink all over your screen!"
theme,Coming of Age,HtEcXRklZSah910XQ3tPC,"Coming-of-age refers to the process by which a child becomes an adult. These manga showcase characters who make the transition naturally, or are forced to grow due to outside pressures. Learning about one's self, about others, about the world, and what society requires from adults, are all common themes of coming-of-age works."
theme,Concubine,BhtcEWu-nV-UlTU3EyD-m,"These manga feature concubines: people kept for pleasure, companionship, or to provide children for those in positions of power. Royalty or other wealthy people may keep a harem of concubines. In some cases, concubines are considered married and may even have wedding ceremonies, but they generally have a lower status than a legal spouse."
theme,Conspiracy,j4f37s2aXFJ30iRNcEZaN,These manga feature an organization of two or more people executing an unlawful or harmful secret plan. Conspiracies can be anything from large-scale government coverups to several people conspiring to make someone else's life miserable.
theme,Contemporary Fantasy,Kcejg6Ng6uF2PjH6IJw73,"Contemporary Fantasy is a subgenre of Fantasy that takes place in the present day. In these stories, Magic or magical creatures might exist in the real world, but the general populace is unaware of their existence or misunderstands their true nature. Manga that take place in an urban setting are also considered to be Urban Fantasies."
theme,Cooking,go0Q6DpQSClyGd-KwGDMG,"Cooking is the focus of these food-themed manga, whether the characters within attend a Culinary School, work in a Restaurant or are simply passionate home cooks. These manga may offer step-by-step Recipes for various dishes or plating techniques."
theme,Coworkers,KvUQ5-2QUTO94TwWVHokS,"This manga features coworkers: people who work together at a job, usually at the same level in the company hierarchy. The coworkers might be shown in their day-to-day Work Life, or spending their time together with drinks after work, or are shown to be involved in a Workplace Romance."
genre,Crime,gqMPS82eqszxtcF5z36AL,"Crime fiction is a genre that focuses on the planning, execution or solving of a crime. These manga typically focus on the investigation of a crime, and often include a cat-and-mouse chase between the perpetrator and the ones trying to catch them. The crime at the center of the story is traditionally a murder, though fraud, theft, money laundering, and complex criminal schemes can also be involved."
theme,Criminal,SJUGWqop2QDgEE6q1qAOH,"These manga are told from the perspective of criminals, whether they're lone wolves or a part of an organized group like the Yakuza or Mafia. The protagonists commit crimes that are punishable by law, with motives such as blackmail, profit, personal amusement, or sociopathy. Offenses committed might be thievery, drug dealing, kidnapping, serial killing, terrorism, or other forms of organized or petty crime."
theme,Crossdressing,RD-uqCOk6ferxlcOUU0nZ,"Unlike Gender Bender titles where a character undergoes a complete physical sex change, these manga showcase characters who crossdress for a secretive reason, whether it's to attend a single-sex school or to acquire a job targeted at a specific gender. The secretive, crossdressing element must be the focus of these manga to receive the tag."
theme,Crossover,FyDadnMJBua1XN4951T5_,Crossover titles showcase characters from two or more different franchises. They are often short specials for anime or extra chapters for manga.
theme,Crude,6FMnhI8MPNT85sdfMyfCR,"These manga use lowbrow humor to make you laugh, most commonly by sex jokes, toilet humor, bodily functions or crass racial stereotypes. If these manga ask you to pull their finger you should politely decline."
theme,Curse,F4kQzfBScU72bf6OWng36,"In these manga, people, objects, or even entire worlds have been cursed. Or, characters are trying to curse, or uncurse, someone or something. Curses are generally caused by malevolent magical or supernatural forces, and can have a wide range of undesirable effects. Common curses include unnatural illnesses, disasters, or being transformed against one's will into a monster or animal."
genre,Cyberpunk,Is92eNloC8s_WK9Jw8n8g,"Cyberpunk is a type of science fiction where rapid advancement of technology comes at the cost of neglecting social issues. Common themes include powerful or intelligent computers, vast cyberspace networks that can be jacked into or explored virtually, or human augmentation. Many Cyberpunk manga showcase a society that's evolved into a hyper-efficient Dystopia where human needs are secondary to a smoothly functioning corporate machine."
theme,Dancing,D2QSxIs4KUKdiIQV5tfyb,"These manga feature dancers and the art of dancing, whether it's hip hop, ballroom, ballet or other styles."
genre,Dark Comedy,mh06Oe5_wcYmFPEP2tGJG,"Dark comedy manga make humorous and comedic light of situations that people would normally find sad, frightening or mentally disturbing. Also known as Black Comedy or Dark Humor."
genre,Dark Fantasy,7C2z2xRgeWwOnBQjZJV6g,"Dark fantasy is a subgenre of Fantasy that incorporates grittier and more mature themes. These manga often contain elements of Horror, Graphic Sex, or Explicit Violence."
theme,Deal with the Devil,2gortxFzHaaInuDHmcIOD,"Characters in these manga have a need and there's only one person who can fulfill it, for a price. The \\""devil\\"" might be a merchant in a Mysterious Shop, a demon or evil being from the underworld, or any number of other individuals who offer a Faustian bargain."
theme,Delinquent,LUOwaKmRx4p5mcVKYim7-,"A delinquent is a young person, generally of school age, who has a problem with following social rules or the word of authority figures. These manga typically focus on the group dynamics of a delinquent's gang of friends, or the misadventures they get into thanks to their attitudes and actions."
theme,Demon King,Ze8hxM9TiqMRochTuqWjI,"A Demon King is the main character of these manga. Typically from Hell, this Demon Lord may still live in his fiery realm, or may have travelled to the human world to live and work. Typically male, Demon Kings can sometimes be female."
theme,Demons,q0i4W-BYw5i17BabKm0DB,"Demons are non-human entities generally believed to be dark or evil in nature. If demons are a core aspect of the work, their actions - often harmful to humans - will generally be the focus. Characters may engage in fighting demons physically; may attempt exorcisms or other rituals or spells to deal with them; or may be the demons or their servants or allies, carrying out their own agendas."
theme,Detective,yld6jB95Re2wOPuS012jT,"Detectives are people who investigate crimes. These manga feature characters who work the streets, analyze evidence from crime scenes, or research past records, using logic and reasoning to discover who did what, and how. Detectives may be members of a police force, employed by some other organization, or private citizens with a desire to learn the truth."
theme,Disability,B2hcAytgHT6b5lL-biijT,"These manga feature main characters with disabilities. They may be deaf, blind, mute, unable to walk, or have other debilitating conditions that impact their life. Some are disabled from birth, while others acquire their disability due to an Illness or injury."
theme,Dragons,PytSnMLCXGksQ_Tdr3i7S,"Dragons are huge and mighty serpentine mythological creatures, often seen as being magical in nature. These manga center on the impact of dragons - whether reimagined, extinct, or living and breathing alongside humans, and may feature dragons as major characters."
genre,Drama,psX8s5O0qGuool03DxSjx,"Drama manga heavily emphasize their characters' emotional development. Whether by experiencing the protagonist's emotional turmoil, viewing heated character interactions, or exploring a passionate romance, any manga that humanizes its characters through emphasizing their flaws qualifies as a Drama."
theme,Dream World,Mpeam4Yjzq8VMRitOMoZT,"Characters in these manga explore a person's subconscious mind, whether they're aware of their own dream world, or traverse someone else's thoughts and dreams through fantastical or technological means."
theme,Dungeon,p9P6nIEbwuGs0mFrVO3Ru,"Dungeons are the focus of these manga. The setting might take place in the dungeon, or the story might be related to one, such as dungeon management or creation. These manga typically follow adventurers who traverse the floors or levels of a dungeon to find treasure, to defeat monsters, or to exit it."
theme,Dysfunctional Family,MzOCBE8nTcFuR3h8Wrfez,"These manga focus on dysfunctional families. A major theme of these stories deal with unhealthy familial relationships such as abusive, overly-controlling, or codependent parent-child and sibling relationships. Unlike the Family Life tag, these stories have a stronger focus on Drama and the negative consequences it has for the characters."
genre,Dystopia,zgYcwbfN7eLR4KbUj6BIm,"Unlike idyllic utopias, a Dystopia is an imagined timeline where something has gone terribly wrong. In these manga, invasive, totalitarian governments might rule the populace with an iron fist and use fear as a controlling mechanism. Sentient machines, ethics violations, forced population control and corrupt justice systems are common Dystopian themes. Some Dystopias might appear to be utopias, but once you look beneath the surface, terrible secrets are exposed."
theme,Egyptian Mythology,I_4sof6C2BbcWAk_XjrPh,"These manga reference Egyptian mythology: a collection of myths involving famous Egyptian Gods, such as Ra, Anubis, or Bastet. Other well-known examples include the lion-bodied sphinx, the Egyptian Afterlife, and the tale of Isis and Osiris."
theme,Elemental Powers,2urxwQn1ikLrFlFZIEiG5,"These manga feature characters who possess elemental powers such as fire, water, wind and lightning. "
theme,Elf,ouj-Y_aGJsdLQvEN3Mx9m,"These manga feature characters who are elves. Members of elven races are often slender, have pointy ears, and have a talent for archery; but other kinds of elves exist as well, such as those that work for Santa at the north pole."
format,Episodic,ZZFC80gzGMDbaEHla61cD,Episodic manga are a collection of separate stories loosely connected by a theme or one or more central recurring characters.
theme,Espionage,6gWgpqJN4HfBgrGFkVM_l,"Espionage is the main focus of these manga. Common themes include surveillance and reconnaissance, infiltrating past enemy lines, or Spies that act as secret agents who go undercover, steal technology for their home country, or sabotage the enemy."
theme,Fake Romance,KV0EwneX_nozZv9TyVuVT,"Characters in these manga are in a pretend relationship. They are in a fake romance because of many reasons, such as one person blackmailing the other, or trying to make their real crushes jealous."
theme,Family Life,NPB9MyjjSCr_UUTKFFlCn,"These manga focus on interaction between family members, whether they are living their everyday lives together in peace, grieving together after a loss, or adjusting to changes such as moving to a new home, divorce, remarriage, or facing unexpected challenges together."
genre,Fantasy,YaMRY5kvDmKUmqCv3QTdr,"Fantasy manga take place in a broad range of settings influenced by mythologies, legends, or popular and defining works of the genre such as The Lord of the Rings. They are generally characterized by a low level of technological development, though fantasy stories can just as easily take place in our modern world, or in a Post-apocalyptic society where technology was buried alongside the old world. These manga also tend to feature magic or other extraordinary abilities, strange or mysterious creatures, or humanoid races which coexist with humanity or inhabit their own lands removed from ours."
theme,Fated Lovers,HkvVauCRP1BBRfgJrbTTk,"These manga feature couples that are destined to be together. They may have been chosen for each other by a higher power, loved each other in a past life, or live in a world where everyone has a fated soulmate that they can instinctively tell is \\""the one\\""."
theme,Feudal Japan,MyPtKIXumvp0I5GuqE1ld,"These manga take place in Japan between the Heian and Meiji eras. Common themes are typically influenced by Samurai, shinsengumi, or the shogunate, and frequently focus on warfare, travel, or rural life."
theme,Football,h3gKX1yL2mAPC9zpsDzO6,"American football is the focus of these manga. Training and competing in Tournaments or championships are common themes in Sports titles, as well as team spirit, or being an underdog who goes against the odds to succeed."
format,Full Color,SjxSQViqJHk8REwUJxRJO,"These manga are fully drawn in color, unlike normal manga which occasionally have a few colored pages, followed by all black and white artwork. Korean and Chinese webcomics, and Film Comics, frequently have Full Color artwork."
theme,Gag Comedy,8rtgTAbIRrSLvpg2Op9Py,"Gag comedies are usually episodic, focusing on a specific pun, joke, situation, or character, for a series of episodes for anime, or one or more chapters for manga. The breakdown is similar to a single sketch in a stand-up comedy show. 4-koma manga typically use a single strip for a single joke."
theme,Gambling,EZ-L9oIhIeUVuNnVm7wNv,"You win some, you lose some. Gambling is a strong focus in these manga, from casino adventures to backroom games. Characters often gamble day in and day out for a variety of stakes: money, fame, or in the case of High Stakes Games, even more sinister consequences."
theme,Game Elements,Sw2jCC2fv58G3RtgBUg-B,"These manga contain elements commonly found in RPGs, dating sims, or other video games. Level systems, experience points, and pop-up windows showing the characters' skills, status, or relationship meters are common examples of this. The characters might focus on completing tasks and side quests to gain experience or to level up, or they might focus on defeating a main boss. The story could also possess other game-like qualities, such as working in conjunction with a System Administrator."
theme,Gang,X0S2qdOkxLC6NLACXUfcX,"In these manga, a group of individuals have joined forces to commit crimes or cause mayhem. They might be Delinquents in a school gang, members of the Bosozoku (biker gangs), or hardened criminals in a crime syndicate like the Mafia or Yakuza."
theme,Gender Bender,YIqFDJLpT3zQVSgIpEyIQ,"A character in these manga undergoes a complete or partial physical sex change, whether due to environmental aspects, an enchanted item, a wish that's been granted or a number of other factors. Depending on the situation, the character might be stuck in their new body, or changed back automatically at some point, or have the ability to change back and forth at will. If a man and woman suddenly share the same body, the Gender Bender tag applies as well."
theme,Gender Identity,XX0P0crLfl3-l52lQYZsN,"These manga feature characters facing challenges regarding their gender identity, whether they are choosing to openly explore their gender or are struggling with gender roles being forced on them against their will. These manga often focus on transgender, non-binary, or intersex characters, as well as LGBT Themes."
theme,God-Human Relationship,hY2y3n8YySuiXAFINYcmF,"These manga focus on romantic or sexual relationships between humans and Gods. They may meet by chance and fall in love, or the relationship may be the result of something more sinister, such as the human being offered as a sacrifice to appease the god."
theme,Gods,Gj_KzWOeMvjnZNHNfq8Pd,"These manga feature deities - gods or goddesses - as main characters. The gods may be based on a form of mythology such as Greek or Norse, or they may be fictional deities. Manga with gods may focus on a God-Human Relationship."
theme,Harem,jkQBBbwy2IeVmEBTDuGOz,"A harem includes three or more characters who potentially show romantic interest in a male protagonist. The sex, gender, or orientation of the harem members is irrelevant as long as they exclusively, or at least primarily, are vying for the affections of the same individual - who may or may not reciprocate towards one, several, or none of these romantic rivals."
theme,Hell,tfR9cQh0fkhhBK0auGLNF,"These manga fully or mostly take place in Hell. Demons, fiery landscapes and the Devil are commonplace in these titles."
theme,High Stakes Game,7hPktTeeyL3reX1y3wHHA,"Characters in these stories play a 'game' with serious consequences. Fame, fortune, power, life: any or all of these may be won or lost according to the rules of competition. The stakes and the rules may be agreed upon by parties involved, or imposed on them by an external force; either way, not following them will usually have severe consequences for the transgressor. Those who take part in the game will generally be forced to play until they win... or lose."
theme,Historical,SK5mSCQwvvLLwA7VDBq2Y,"The setting of a historical manga takes place at some point in Earth's past. The level of dedication to portraying the lifestyles, societies, and technologies of past periods and peoples accurately or believably can vary greatly between different works."
genre,Horror,Ip6UHg3N2ky6E7yGlbE_u,"Horror manga create an atmosphere of unease. Like Mystery manga, they encourage viewers to learn more about their world... but there may be secrets that are better left unexplored. Through eerie music and sounds, visceral or disturbing imagery, or startling moments, works of Horror make you worry about what gruesome thing is coming next."
theme,Human Experimentation,AOG5UdnfaYxCJAxSNGQum,"Characters in these manga are the result of human experimentation. They have been biologically, chemically, or genetically altered through experiments, and may have Superpowers, Psychic Powers, or other innate abilities or characteristics due to the experimentation."
theme,Human Livestock,0vx0v_Fs5jno7STV2Z1x8,"Humans in these manga are kept as livestock for practical reasons such as for food or organ harvesting. They may be kept by another species, or by fellow humans who have judged them to be inferior."
theme,Human Pet,CzgfJAJ5_N_79VlfEggjC,"These manga feature humans who are treated as pets. They may be kept as pets by another species, such as Aliens, Demons, or Anthropomorphic beast people, or they might pretend to be Cats, Dogs, or other common animals while living with another human. Some \\""pets\\"" may wear animal collars, walk on leashes, or be kept in cages. Human pets may treated like pampered companions, or they might suffer various forms of mistreatment at the hands of their \\""masters\\"", some of whom keep them for sexual purposes."
theme,Idol,Aee4AUoCIPy0rPIBVQsys,"Idols are heavily promoted multimedia stars. In Japan, they are adored by the masses and frequently perform at concerts or events; however, the idol industry is both competitive and harsh, and many involved have short-lived careers. These manga showcase all there is about the profession, from training, to being scouted by talent agents, to management and production."
theme,Illness,65l2Qa2S68MIO77-PIXYQ,"These manga feature characters who struggle with a debilitating health condition, whether they're diagnosed with a terminal illness or a lifelong condition that impacts their way of life. Some illnesses may stem from a physical Disability. This tag doesn't include Mental Illness. "
theme,Impersonation,UkT0KqLdo8U_djXQc3om1,"Characters in these manga are impersonating someone. They may be twins who switch places, someone serving as a body-double for a celebrity or other person of importance, or a person pretending to be a deceased relative or friend. Not to be confused with Secret Identity, which defines characters who live a double life."
theme,Incubus,Pu2bXuldEDoYI4v6tFjo5,"These manga feature an incubus: a Demon or spirit in male form that engages in sexual intercourse to feed off the energy of its partner. In traditional folklore, incubi would visit women in their sleep, but modern renditions of these creatures can have them pursuing people of either sex, whether they are asleep or awake."
theme,Cheating,AfPgKvwegC5cejikesaLM,"In these manga, infidelity is an important aspect of the story. Characters may be dealing with an unfaithful partner, or having an affair with someone else. Their actions may result in a Divorce or unplanned Pregnancy."
theme,Insect,IJ4qUnajFecxlSIa_P8m9,"Insects are the primary component of these manga, whether they're giant, man-eating monsters or household pests of another variety."
theme,Interspecies Relationship,No8wc-ACd3otwOc6HFQeW,"These manga focus on romantic or sexual relationships between beings of two different species, such as Gods, Vampires, Robots, Demons, or others. The characters might be humans who are in a romantic relationship with a non-human, or non-human beings who fall in love with each other, such as an angel and a demon, an elf and a werewolf, or different kinds of animals. See also: God-Human Relationship."
genre,Isekai,MdCG9wlminLBwLjHYtGis,"Isekai is a fantasy genre where a person from Earth is transported to, reborn, or trapped in a parallel universe or fantasy world. For beings from other worlds visiting Earth, see Reverse Isekai."
theme,Isolated Society,K4_FIRWDLiiLX-ivWSKpg,"These manga feature a society that is physically isolated from the world. The populace might live inside of a walled or domed city, or are limited to a small island. Typically, the society is unaware of what exists outside of their borders in the Outside World, or are forbidden to go there."
theme,Japanese Mythology,5fZLZ1YPPyY6qzRqs8KN7,"Japanese mythology refers to any number of stories involving kami (deities or spirits), oni (ogres), and/or youkai (fey-like creatures). Manga commonly include ideas based on the creation myth, featuring Amaterasu, Susano-o, Izanagi and Izanami; tales of incredible beasts such as the serpentine Orochimaru; or stories of mortal deities or folk heroes like Momotarou."
theme,Band,s_1S5lxsbr4KIHXn7Pkhr,"These manga focus on the appreciation of Jazz music, or on the musicians themselves, whether they're amateurs or professionals."
theme,Kidnapping,31ttHBqCM5ww9r7RFpjcg,"These manga feature a kidnapping as the central plot, whether it's carried out during the manga, or characters must deal with the aftermath of a kidnapping."
theme,Queer,ksWrf00Uxjv2oBKNUkeec,"These manga have an LGBT theme as a strong focus. Examples include gender or gender identity themes; an LGBT relationship as a primary focus; or an LGBT character as a protagonist, especially if their gender or sexual orientation is showcased as a back story or plot point. Read more about how we tag LBGT-related content on Anime-Planet."
format,Light Novel,MkG2J3ZVmjYEHaM50ld1z,"A light novel is a Japanese novel that usually has less than 500 pages and contains a minimal amount of illustrations - sometimes only the cover contains artwork. See also: Novels, Web Novels."
theme,Love Triangle,aXZ3SBJ0UxAQiUnnaGD0J,"A love triangle is a set of interconnected romantic relationships between three people. These manga focus on the trials and tribulations of characters who may at first be in love, uninterested, or completely oblivious, as they untangle their feelings, make their choices, and try to win the heart of their beloved. More complex sets of relationships involving more than three people, sometimes called love polygons, may also be included."
theme,Mafia,G7EY9V6UYtvxTPRagFLvU,These manga feature the Mafia: traditionally Italian Gangs that follow a strict code of honor called Omert\\u00e0.
theme,Magic,5o4_jE-3yUDhM-KZV-lDu,"Magic is the use of gestures, incantations, or rituals to harness some kind of supernatural power. Characters in Magic manga tend to go by titles such as witch, wizard, mage, or sorcerer, and may be occupied with learning to harness these abilities or with finding magical relics or battling against strange entities... or other magic users."
theme,Magical Girl,hNrjMyxluFGmX4BQyaRBu,"These manga feature young, generally school-aged girls as defenders of love, life, and justice. They typically stumble upon the source of a magical power, or are granted one by allies that are aware of evil forces on the rise. Often by using a special item or with the help of a magical familiar, these characters are able to transform into an alter-ego ready to cause mischief or fight their foes. Magical Girl is a sub-genre of Henshin Heroes."
theme,Magic School,h0w2txiFOa2xYCoxI7HwH,Characters in these manga attend a Magic School where they learn about the magical arts.
theme,Maid,xuPeM9AjhCGWL0THZltGT,"These manga showcase maids: women - or rarely men - who are employed to help cook, clean, run errands, or anything else that their master requires. The manga might also feature a Master-Servant Relationship. Alternately, maids might be employees of a theme cafe where cosplay is required to please customers."
theme,Married Life,MHoU-c5EakWQfRgGa2RtY,"These manga showcase what it's like to be married. The couple's married life might include day-to-day tasks, or activities that help strengthen their intimacy inside or outside of the bedroom. Or, the manga might focus on the relationship failing - even divorce."
theme,Martial Art,QFQKvhFEzGYbAn8rN8Zyf,"Martial arts are techniques that heavily involve training and are steeped in tradition. These techniques can have varied applications such as self-defense, psychological health or advanced use of weaponry, amongst others. Characters in these manga often spend much of their time training to defend themselves or others, participate in competitions of skill, honor their culture, or develop their health and spirituality."
theme,Master-Servant Relationship,pNcoVqpxLNGdHV5yEVIy_,"These manga focus on a relationship - platonic or romantic - between a master and a servant. Sometimes these relationships are traditional, such as the interactions between a Maid or Butler with the master of the house. Comedy and Fantasy titles sometimes showcase this relationship in a different capacity, featuring a magic user with a human 'familiar' or 'pet' as a designated servant."
theme,Mature Romance,LXAXPNkeuuHCoLRcuDxsM,"These Romance manga typically feature relationships between Adult Couples or College students. Unlike high school romances, these stories typically feature more mature themes that adults experience in relationships."
theme,Mecha,2PUtxjIpgMb8on0CG9n2f,"Mecha are self-propelling machines that are modeled after humans; some can change into multiple, non-humanoid formats as well. They're usually controlled by an internal pilot or by remote, but are sometimes sentient beings that move autonomously. A mecha's size ranges from bulky, wearable armor to a massive, towering contraption and beyond. While mecha have a wide range of applications, such as making manual labor easier, they are most commonly portrayed as heavily-armed war machines."
theme,Medical,LuClLE6KRXMZUYzWt9XE7,"These manga feature medical professionals such as doctors, surgeons and other staff, as they perform their medical duties at hospitals, clinics, or other locations."
theme,Medieval,GmfZ374eK0UL6L-Zug_5m,"These manga take place in a setting thematically similar to Europe in the middle ages. Castles, moats and small villages adorn the landscape, and knights, military forces and feudal kingdoms rule the populace."
theme,Melancholy,_qbkRFAzSekFj0yJgU3-n,"These manga have an atmosphere of pensive sadness. They may explore themes such as Loneliness, an Illness or Mental Illness, the Death of a Loved One, or tragedy."
theme,Mental Illness,W8qixqdoRsaOWD17XhYbP,"These manga feature characters who live with a mental health condition that impacts their way of life, such as depression, anxiety, PTSD, or a personality disorder. For physical ailments, see Illness."
theme,Military,09qTZSG0bdyXXX4wWj3ux,"These manga have a strong military presence, be it on a national or intergalactic level, or showcase characters that are in the military."
theme,Military School,c8rIl_ecSgnbQoh3NXjG8,"Characters in these manga attend a military academy. They're often found in the classroom or training in the field, whether they're attending the school to become a mecha pilot or a member of the armed forces."
theme,Mind Games,9sBCF9zfMgLdB9PSJf7dF,"In these Psychological manga, characters use words and actions to manipulate others psychologically. Whether it be for their own amusement, to gain an advantage or for darker purposes, the characters in these manga use manipulation to get others to do their bidding."
theme,MMORPG,wXLjRFAAAlVB-WyKa8hOz,"These manga are about an MMORPG: a massively multiplayer online role-playing game. The setting might take place inside of the game if it's a virtual reality, or the story might focus on the MMORPG's existence and use instead."
theme,Monster Girls,_-_PTLmwR7429-CLNkOmi,"These manga showcase cute or sexy monster girls such as the cyclops, harpies, centaurs, dragons, or others. Manga with this tag have a Comedy, Harem, or Romance focus."
theme,Monsters,j6BCgf4RHwD-_budAkgEx,"Monsters are fantastical creatures that appear in a wide variety of genres. They're classifed most easily by what they aren't; Vampires, youkai and a variety of other characters are separate categories. Monsters can be cute and cuddly sidekicks, scary beasts or anything in between, as long as they are fantastical, not found in nature, and don't fit another character classification."
theme,Monster School,myn-BzMXt-VYRxCeFO2Dk,"These manga feature schools where monsters, vampires or other supernatural beings attend classes like typical students. These monster academies can sometimes host human students as well, with or without their knowledge."
theme,Music,CYrhjGZq2iK-z7DaAse73,"These manga are all about the appreciation or performance of music, no matter the genre, or the skill level any musicians involved. Music lives in the soul of these characters!"
theme,Music School,9_5CKUzWl5W_pZ4Xv_Fde,"Characters in these manga attend a Music School. There they learn how to play instruments, be a singer, compose their own songs, or learn other musical skills."
theme,Mystery,qD5C6NVFqNWhVQSKrYWpY,"Mystery manga focus on unresolved questions, and the efforts of characters to discover the answers to them. Whether curious and deadly events are afoot, or some part of the world itself is strange or inexplicable, or someone's past or identity seems strangely shrouded, these characters are set on learning the truth."
theme,Natural Disaster,zhtugNzW9R-jG7g5us7Dr,"In these manga, a natural event such as an earthquake or flood causes widespread damage or loss of life."
theme,NEET,ebjY4DoE7oScFOV3-KgZ1,"Young people who don't have jobs or aren't enrolled in school are classified as NEETs: Not in Education, Employment, or Training. These manga feature main characters that are NEETs, or focus on the phenomenon."
theme,Neighbors,T7OHJwDhn8VGMKoleZ4p5,"This manga features neighbors: people who live in separate apartments, or in separate rooms in a Boarding House, or live in neighboring houses. "
theme,Newly Co-ed School,AjBOsQZXx3CRPmaALIfsQ,Characters in these manga attend a newly co-ed school that was recently all-girls or all-boys.
theme,Ninja,-5qjIZ6gsor7EWdYOg5iq,"Ninjas study the ancient art of ninjitsu. Skills include disappearing in a puff of smoke, making temporary clones, heightened physical agility and speed, stealthy movements, and precision accuracy. Bright-orange attire is optional."
theme,Nobility,qEC2Y8D1naLiKXMe5Mmmg,"These manga feature nobles: individuals who hold land passed down through generations. They're given titles such as Marquis, Count, Baron, Earl, or others. Not to be confused with Royalty."
format,No Dialogue,JM9mEAyGS8KwRfen3wRFr,These manga contain no dialogue.
theme,Noir,KU5iD2P-qtJyBQtJEMXBs,"Noir is a genre from the 40s and 50s that features hardboiled cynical heroes, femme fatale, and bleak, sleazy settings. These manga either take place in 40s and 50s, or are considered Neo-Noir: titles that combine elements of Noir in a modern or futuristic setting."
theme,Non-Human Protagonist,wMj18blQ7COLNdt-OV71N,"These manga feature protagonists who are not human. They may be animals, monsters, catgirls, deities, space aliens, sentient robots or any other fantastical or supernatural beings. These stories may center solely on a non-human protagonist, or feature one who is paired with a human comrade or romantic partner."
theme,Nurse,qO3f5BimObFK3SLd7ugB0,"These manga feature nurses: professional health care providers in the Medical industry, usually working alongside Doctors in hospitals or in schools."
theme,Obsessive Love,MmaQXGuwfBDqYanDJlKzq,"In these manga, a character has a romantic obsession with another. The feelings may be reciprocated in a dysfunctional relationship, or is Unrequited Love via a Stalker or a yandere that can lead to violence."
theme,One-Night Stand,2pTSi2XvCTiWG8mmeZyNq,"In these manga, a one-night stand is an important aspect of the story. The characters may have a one-night stand and have to deal with the aftermath, such as sorting through their feelings or dealing with an unplanned Pregnancy; or they might reconnect with someone they had a one-night stand with at some point in the past."
theme,Opposites Attract,UHtOaMkVDsZk2SCeMutqb,"Characters in these manga are polar opposites, but are drawn together in spite of their different personalities. They may start out hostile towards one another and slowly warm up to each other, or the attraction might be instantaneous, hitting them like a tidal wave of unexplained, out-of-control passion."
theme,Otaku Culture,Q54d9OkVILUJzssdu7DAi,"The word otaku describes a person with obsessive interests, usually in the realm of anime and manga fandom. Characters in these manga may be shown visiting stores to acquire new merchandise, cosplaying as their favourite heroes or heroines, meeting and trading Doujins at fan conventions, or arguing online about works from their favourite authors or studios."
theme,Overpowered Main Character,WHs0YdhDqntvnSPhrrFfM,"These manga have overpowered protagonists, or overpowered main antagonists. Overpowered manga characters easily rise above the conflicts of their story. When competition is involved, they are typically undefeatable, using their intelligence, fighting prowess or pure raw power to win with ease, always staying ten steps ahead. They might be overpowered because of Cheats."
theme,Pandemic,eoibIvy5gVZh7aTnMrhf2,"A pandemic is an infectious disease that has spread throughout the population in a large region, or even the world, with disastrous consequences like widespread death or illness. These manga follow an epidemic in its infancy, or in the aftermath of a pandemic's wake, with diseases that range from pathogens found in today's society to parasites, to mysterious zombie outbreaks and beyond."
genre,Parody,phGHztRjVNMUBbmVaqxE8,"These manga imitate well known genres, styles or characters in an exaggerated, comedic manner to poke fun at them."
theme,Person in a Strange World,1xk-nj5vh_U7sqpoGagr3,
format,Pilot Chapter,6WnWK5aAHLWVDcvfK5q6D,"A Pilot Chapter is a special type of One Shot manga. Usually, these chapters are released in a serialized magazine or online to gauge interest in a full series. If popular, a full series is created by the author; usually these full series reboot the story of the Pilot Chapter, but rarely they continue the story and treat the Pilot Chapter as a prologue."
theme,Pirate,BYIs-3GsxILODb5ODm6jl,"Yarr matey! These manga follow swashbuckling pirates as they sail the seas or skies, exploring the world, pillaging the populace, or searching for buried treasure. Not to be confused with their counterparts in the heavens, Space Pirates, or ordinary Mercenaries."
theme,Play or Die,aec4gjfuB-TmElpOuuGNZ,"Characters in these manga are forced or choose to play in a special type of High Stakes Game: you play to win, or you die trying."
theme,Pole Dancing,lw1ujT-PYss0TO_TcL1X8,"These manga focus on pole dancing: an activity that combines dance and acrobatics using a vertical pole. Pole dancing is a form of adult entertainment that includes sensual moves, but it is also a mainstream form of fitness given it combines resistance training and cardio, and improves flexibility."
theme,Police,VlcSwWZ3V1Mx49G65haLF,"Police forces are responsible for upholding the justice of their nation and/or community. These manga follow uniformed men and women as they carry out their duties: patrolling the streets, investigating crimes or potential criminals, or keeping citizens safe, whatever the time or place."
theme,Political,F1lJRuRjDUB1nb_3IbJbK,"Political issues concern people on a broad scale, and generally relate to a region's government or its relationship with other territories. These manga focus on anything from political campaigns and policies to international politics, wars and treaties."
theme,Polyamory,M45m8rLydeDY9ZjbkLoMc,"These manga focus on polygamous or polyamorous relationships. Unlike Love Triangles and Harems where two or more people compete for the affections of a single person, poly relationships feature three or more people who are all consenting partners in a Romantic or intimate relationship."
theme,Possessive Lover,xWxfFR--WpIfohoPNvXR5,"In these manga, characters are in a relationship in which one or more parties is possessive. They may become jealous easily, or control their partner's life in subtle or abusive ways. This behavior can potentially lead to Obsessive Love or Codependency."
theme,Post-apocalyptic,vBuF_y-0-tZTKTeliH0qj,"The world was nearly wiped clean of life, whether through nuclear war, an alien invasion, a natural disaster, or a pandemic. From the ashes of the old world, some societies struggle to endure and rebuild, while others live new, agrarian lifestyles and the old days are merely legends."
theme,Poverty,PH3CH3YrMn2oKHF_NyjHt,"Characters in these manga are destitute. Their poverty might be because of Debt, their social standing, their employment status or other reasons."
theme,Pregnant,xd6sB-BuC9zwwTY8Lq5G4,"Characters in these manga must deal with a planned or unexpected pregnancy. Or, the manga showcases pregnancy themes."
theme,Prehistoric,MLlv8pCfJ65XOWoPKPh5w,"These manga take place in the prehistoric era, or have a prehistoric aesthetic. Cavemen, Dinosaurs or ancient beasts that predate human history populate the landscape, or modern characters may arrive through magic or Time Travel."
theme,Prison,crReak2Mxx_Z6YSE-4Ylf,These manga take place in a prison.
theme,Psychic Powers,wc3NQ403uOmm64MwkYFU-,"Psychic powers are extraordinary abilities that allow those that have them to project their mind and will onto the world. Common examples include additional or heightened senses; telekinesis, or general manipulation of physical objects; mentally projecting oneself into space or time; or manifesting physical objects from distant places or from nothing at all."
theme,Psychological,VLEOUvCB7oTH6s1vj1Y8S,"Psychological manga delve into mental or emotional states of a character in the midst of a difficult situation, letting you observe them change as tension increases. Internal monologues are a key feature, allowing narration to delve into a character's mind, revealing their innermost ideas and motivations - even as they may be driven to the brink of sanity."
theme,Psychopath,CG6EagbG9QV1713Vx8DkY,"These manga include psychopaths: people who often engage in frightening or violent behavior with no regard for the feelings or safety of others and usually derive pleasure from the fear and distress their behavior causes. This can have severe and often fatal consequences for the people around them. Some may be Serial Killers, or engage in other violent criminal activity."
theme,PVE,tZd3KydVyEqtZ7j_l3SNn,"These High Stakes Games manga are PVE: player versus environment. The game rules dictate that players don't battle each other, they must instead fight a common enemy or deal with an external force. Not to be confused with PVP anime (player versus player)."
theme,PVP,xNP9LRAmIE9zuYhnLEwH9,"These High Stakes Games manga are PVP: player versus player. The game rules dictate that one or more players are the enemy, pitting the characters against each other. PVP anime are often a Battle Royale setup where players must kill each other off until only one remains. Not to be confused with PVE anime (player versus environment)."
theme,Rebellion,jQanqhT3IHsXhr3BZTA41,"In these manga, one or more characters attempt to overthrow the current government or ruling system, and replace it with their new version of a \\""better\\"" one. They might use Terrorism to achieve their goal. A rebellion might be led by a single person or group of peasants, or it might turn into a full-scale civil war between factions."
theme,Reincarnation,Ea5nyFIqt14I2E6aSu6xz,"Reincarnation is the concept that a person's essence continues after their body dies, and may be reborn into a new one after their lifetime. These manga focus on the theme of reincarnation, featuring characters who either have been reborn into a new life-cycle, or may be carrying the spirits of past lives as well as having their own personality."
theme,Religion,leKmH-_wMBdOg2fhoNGTf,"A religion is a set of practices associated with a system of faith. Many religions have an organized structure wherein some manner of spiritual leader guides his or her community in this faith. These manga feature a strong influence from one or several real world religions, which may relate to their faith, their religious orders, or their holy scriptures."
theme,Remarriage,0M6nok_-YVBHXBwCjcckH,"Characters in these manga are brought together due to a remarriage, for example two people who have just remarried, or have become step-siblings. Common themes include the day-to-day happenings of the remarried characters' Married Life, adjusting to becoming a step-parent or step-child, and step-siblings learning to get along with each other... sometimes a little too closely!"
theme,Revenge,51oZ30d__4AIhu9hevNvQ,"In these manga, a character seeks vengeance against someone or something that has done them, or someone close to them, harm. The accused offense, be it real or imaginary, can range from a world that has treated them unfairly to more personal motives such as the murder of a loved one, and is the driving force behind the character's actions."
theme,Reverse Harem,mlm7hI7OkFWGVLUJ8ci1g,"A reverse harem includes three or more characters who potentially show romantic interest in a female protagonist. The sex, gender, or orientation of the harem members is irrelevant as long as they exclusively, or at least primarily, are vying for the affections of the same individual - who may or may not reciprocate towards one, several, or none of these romantic rivals."
theme,Reverse Isekai,BXM5YDq4nGij9KgLVtQ4d,"Unlike typical Isekai titles where a person from Earth is transported to, reborn, or trapped in a parallel universe or fantasy world, in these manga characters from another world find themselves on Earth through similar means."
theme,Rivalry,oW_wja9Z0d7PlaXQowMid,"These manga focus on a rivalry relationship between two characters. They might be classmates competing to get the best grades, siblings trying to one-up each other, rivals on a sports team, or strategic rivals who play mind games with each other."
theme,Romance,bPorqNtoCd1LNUqXu-HtK,"These manga showcase the joys and hardships of falling in love, whether a schoolgirl has an unrequited crush on her senpai, a Love Triangle occurs within a group of friends, or rivals become lovers through competition or their intense passion for each other."
theme,Romantic Comedy,h4_J1KebqK0wUG6qL2azN,"Romantic comedies, also known as romcoms, are a type of comedy manga focused on relationships. Typically, they feature characters who meet and ultimately fall in love, but can sometimes focus on already-coupled characters whose relationships grow throughout the story. The progression of their relationship is usually what provides the comedy aspect; for example, through the obstacles the couple faces such as a love triangle, or through mismatched personalities, misunderstandings, or other common tropes."
theme,Roommate,sN323nJLeqLpcuUp_6yfV,"This manga features roommates: unrelated people who live together in a house, a dormitory room, or in an apartment unit. Sometimes referred to as housemates or flatmates. These people might share rent or expenses, or they might be roommates for fantastical reasons, such as an alien or creature that decides to live with a human."
theme,Salaryman,cRoh9WrHqe6HxYuz8Isob,"These manga feature salarymen, a Japanese term for white-collar office workers. To the salaryman, work is everything. Every morning, they throw on the same blue suit, white shirt, tie, and shined black shoes to work in their office cubicle. Health and family pale in comparison to their all-important career."
theme,Samurai,kOPvHjAyp3JxgrLZHiGVd,"Samurai are those who follow bushido, the classical Japanese warrior code, as a way of life, and usually hone their skill in combat to make their way in the world or perfect themselves. Characters in a Samurai manga may be in service to a liege lord, or ronin types who serve none but themselves. Common themes include service, honor, strength, and one-on-one combat or battles, often with blades."
theme,Satire,5VYuPMQqgiqH8QvAL9JbE,"These comedy manga are parodies that use irony, humor, and exaggerations to criticize or mock culture, politics, or other topical issues."
theme,School Club,rFgnrh1FjWbLTxnZg69zE,"Characters in these manga are passionate or begrudging participants in a school club. Typical themes include recruitment, day-to-day activities (be they relevant to the club's purpose or not), participating in school activities and celebrations, and going on field trips as a bonding experience for the members."
theme,School Life,9DubUeAV90ZsFrd2-NeuR,"These manga showcase events that occur on a daily basis in a school, whether from the perspective of a student or of a teacher. Having fun in the classroom, attending School Clubs, spending time with friends or doing daily chores are frequent themes in these manga."
genre,Sci Fi,UTD0r7TkeLQ2Gzfm9ccWS,"Sci-fi, or science fiction, is a speculative genre which builds on imagination. Sci-fi manga ask, \\""what if things were different?\\"" They explore a new world, whether it's the world of the future or past, a present Earth with a changed history, a land that was previously unknown, or another planet entirely. The genre commonly features humanity's inquisitiveness and innovation, as they grapple with new technologies, new societies, or new frontiers in Outer Space."
theme,Second Chance,ir-Zo6mBH5MXuBy2qzrO-,"Characters in these manga are sent back in time, against their will, into a younger version of themselves to have a second chance at life. Typically this occurs after the characters die or are killed, but sometimes through other means. After they appear in the past, they may use the opportunity to atone for their past mistakes, to save a life, or to simply live a different version of the life they once had. If the characters travel into the past more than once, Time Loop is used instead."
theme,Secret Identity,lP_-aFJfwDuhFY-jy6hKg,"Characters in these manga have a secret identity: they live a double life. Examples include Thieves, masked superheroes, and magical girls."
theme,Sentient Mecha,XqR-drPJ2ixAla2En2Zja,"These anime feature living, sentient Mecha that don't have a pilot. They might be Transforming Mecha or Combining Mecha."
theme,Serial Killer,t6JlPlGaPXd-lYIKSPp1W,"A serial killer is a person who commits a series of murders, often with a predictable pattern or with a specific motive, such as holding a grudge, or even promoting their own twisted sense of vigilante justice. Serial killers are the focus of these manga. Typical themes include psychological cat and mouse games with police, calling cards, and the process of unmasking the killer."
theme,Showbiz,22aSHenKeql7ZWoF20YO7,"These manga are all about show business. Characters are involved in the industry as actors, idols, or other talents."
theme,Siblings,vx_siORZVx8hNmK4XHBc2,"These manga showcase siblings that live together, work together, or travel together to accomplish a common goal. The siblings' relationship or bond is the primary focus of these manga."
theme,Single Parent,m1xKT7LTjL18hpnADR1FO,"These manga feature characters who are the sole caregivers of a child. They might be the biological parent, an adopted parent, or simply a primary caretaker. These single parents are responsible for all the tasks involved with childcare, either alone, or with the aid of friends, family or a potential new love interest who serves as a secondary parental figure."
theme,Sister Complex,HqMQjoywlE2tf0Xm0RvFS,"These manga feature Siblings with a Sister Complex: they want nothing more than to ensure the well-being and happiness of their beloved sister, often to an unhealthy or even romantic degree. They're known to be over-protective and jealous of their sister's suitors."
theme,Slapstick,hWGE1omHO9qUXOWQT5w0x,"These manga feature humor based on physical comedy. Characters might be comedically clumsy, or hit each other in comical, over the top ways."
genre,Slice of Life,jO4iD1sENyxIVjDkWo1L5,"Slice of life, or \\""nichijou\\"" in Japanese, refers to events that occur on a daily basis such as getting ready for the day, light chores, enjoying a hobby, or preparing meals. These events differ depending on setting, but above all else are considered to be ordinary, everyday actions that don't always follow a central plot. The related tags School Life and Work Life focus on ordinary events that take place in a school or work setting, respectively."
theme,Slimes,K7Ru-SX1YIwV9DpJA6lFc,These manga feature characters that are slimes: masses of gelatinous fluid that typically don't have a distinct shape.
theme,Slow Life,2droCEbVlAkY3d7ZX4j81,"These manga feature characters who have had their fill of excitement, adventures, and drama, and seek a more peaceful life. They may be Isekai'd heroes, villains, high-ranking adventurers, or a typical salaryman, but they all share something in common: they've had enough and want to retire to a slow and peaceful life."
theme,Social Gap,i8C7beQ32ksS1xtknPVWy,"These manga showcase a relationship where the characters are in two different social groups. Common differences include rich vs poor, royalty vs commoners, police vs criminals, or other differences. While not always the case, these characters sometimes must overcome challenges or stigma associated with their difference in social status."
genre,Space Opera,Y2J84TFeH4qQfrd2os9th,"Space Operas take place primarily in Outer Space or across many worlds. They are known to have a large-scale sense of Adventure, Romance, complex characters and Political conflicts which often lead to epic space battles."
theme,Split Personality,t2XLDcRmH4PoBMng5AFFL,"These manga feature characters with multiple personalities. This may be the result of magic, a supernatural occurrence, or the character may have Dissociative Identity Disorder (also known as Multiple Personality Disorder), a Mental Illness that causes the person to shut off or dissociate their mind from their current surrounding by shifting to a different personality."
theme,Stalker,g6W4Z-yi3MbmShlDS2icL,"These manga feature stalkers: people who spend a great deal of time following a target for romantic or nefarious reasons. They're often hiding in the shadows, habitually following their obsession or observing them from afar."
theme,Star-Crossed Lovers,fB3-MWFYIUCSzedJdIGF7,"Characters in these manga are in love, but because of fate, family loyalties, timing, or other reasons, their relationship seems doomed to fail."
genre,Steampunk,FbL8FFaL_twoRHwfkDaGZ,"Steampunk describes an alternate timeline based on the industrial revolution, where steam-powered technology like airships, robots and appliances are commonplace. Invention and imagination are common themes in these manga, and elaborate, mechanical devices with cogs, gears, wheels and lenses are found everywhere, even in the outfits of ordinary people."
theme,Stockholm Syndrome,6AtTL58y276m5XHI9MwoJ,"Stockholm Syndrome is a phenomenon in which Kidnapping victims, hostages, or other forms of prisoners develop sympathy or romantic feelings towards their captors. These manga feature protagonists who develop Stockholm Syndrome."
theme,Student Council,RsmhCQ8JjtPNR4PTn0z_o,"These manga feature characters who are a part of their school's student council. Elected by the student body, student councils represent their peers when it comes to school affairs. Typical themes in these manga include student council elections, planning of school events such as culture festivals, or interactions between the council members."
theme,Student-Teacher Relationship,jQihpfN-SpsW2_u9LR7gp,These manga focus on a romantic or sexual relationship - usually forbidden and taboo - between a teacher and their student.
theme,Succubus,iTJsF5JcvD92Zx4uvR-gV,"These manga feature succubi: Demons or spirits in female form that engage in sexual intercourse to feed off the energy of their partners. In traditional folklore, a succubus would visit men in their sleep, but modern renditions of these creatures can have them pursuing people of either sex, whether they are asleep or awake."
theme,Superhero,aBtc4A_ZVtDhIDr1a1ddo,"These manga feature characters with extraordinary and often superhuman Superpowers. With these abilities, they fight evil to protect society and uphold their moral code. Superheroes are frequently Masked Heroes who wear costumes to hide their identities."
theme,Supernatural,VrNOxWTkfMKorcxVqj429,"Also called paranormal, supernatural events are those modern science has difficulty explaining. Supernaturally oriented titles are often steeped in folklore, myth, or Urban Legend. They may involve strange or inexplicable phenomena, Psychic Powers or emanations, and/or ghosts or other fantastic creatures. Supernatural events are those that lie at the edge of our understanding - they are easy to believe in, but difficult to prove."
theme,Superpowers,gMvYP4lKL8Gv3w8-mJZuo,"Superpowers are special abilities that the majority of modern humans do not possess. Unlike skills that are studied and learned through traditional means, these abilities are inherent strengths that arise from genetic differences, random accidents, or exposure to strange phenomena. These manga often focus on combat between these individuals or against outside threats, as well as the social stigma that comes from having these powers."
theme,Survival,sUNZ28ajraHELr6RCFF8u,"Characters are threatened with danger or death from the very environment in which they live. Whether through starvation, dehydration, asphyxiation, the power of the elements, the threat of attack from deadly wildlife, or fantastic environmental circumstances, the world around the cast poses at least as much of a threat to life as does any humanoid enemy."
theme,Swimming,aIQkF-TdvdOxqrzWERQn9,"Swimming is the focus of these manga. Characters may swim as part of a School Club or Sports team, or they may enjoy swimming in the Ocean or other locations as a hobby."
theme,Teacher,LuXYw39RmI6f4ed207bDt,"These manga are about teachers: people responsible for educating their students, whether they work in a high school, a specialized school, or some other institution."
theme,Terrorism,sSpSBpPpwZiGwzVb7HOH6,"Terror is an attempt to actively cause fear in a population. This can be accomplished by bombing, disease warfare, hostage taking, or any number of other methods. Terrorists may have a specific objective, something they are expecting from the government or people they are targeting, or they may be simply intending to promote chaos in an area."
genre,Thriller,J7GUJMXRO2ZxVHuRe4jmv,"Thrillers are characterized by tension. These manga typically set up a complex story with a variety of dangerous elements, plot twists, and possible outcomes, and attempt to resolve it in a manner that keeps the level of suspense high, keeping you guessing as to what might be coming next."
theme,Time Loop,PhM-0Tu5bOTlSFLhFLM-e,"The characters in these manga are in a time loop: a phenomenon where they are forced or choose to Time Travel into the past and repeat the same events over and over again unless they can find a way to break the cycle, or until they complete their mission. Also includes cases where a reincarnated or transmigrated character continuously loops through the same events in time, typically dying at the end of each loop and returning back to the point where they transmigrated. Does not include Second Chance cases, which are defined on Anime-Planet as going back once to change events."
theme,Time Travel,X3kZ0sfL19kK-kZn88Sdj,"Time travel is the concept of moving between different points in time, usually with an invention called a time machine. The science is loosely based in theoretical physics, with quantum mechanics and wormholes as common themes. These titles either focus on the concept of time travel or include time travel, often involving a Person in a Strange World."
theme,Transfer Student,sSKja_3TjFl9s5kRZFdW5,"These manga feature students who have just transferred to a new school, and typically focus on their experiences as they make new friends, find a new love, or adjust to their new environment."
theme,Unrequited Love,C1tP2AJeXK1xHg07kCTZu,"Characters in these manga are dealing with an unrequited love for someone. Their feelings may be reciprocated later on, or they may have to come to terms with the fact that the object of their affection is not interested and move on. In some cases, characters may never confess their love at all."
theme,Urban Fantasy,QM5VgCt6uPFpU6n4bIzAJ,"Urban Fantasy is a subgenre of Fantasy that typically takes place in an urban setting. These manga might be a Contemporary Fantasy set in the present day, or they might take place in the future, or in the historical past. Urban fantasies are set primarily in the real world but contain fantasy aspects."
theme,Vampire,ufcqSEHqFFsbtwNikAgUC,"These manga showcase traditional vampires - whether they're explicitly called vampires or not - who drink blood, can't sunbathe or have a pesky sensitivity to garlic."
theme,Vigilante,fdoBsO4iTjJFXkcCTt-cY,"These manga feature Vigilantes: characters who punish those they perceive to be criminals by whatever means are necessary. They typically believe their cause to be just, and their actions to be justified, even if it involves murdering their targets. Vigilantes are often anti-heroes."
theme,Villainess,z_mrz8B1h1yGFK3IuVZ0_,"These manga are about a woman who is written to be the villainess in an Otome Game or a novel, and thus is on the road to ruin. Most commonly an Isekai trope where the main character is reincarnated or transmigrated into the villainess, or someone related to them such as a mob character or the heroine. The villainess and her companions must work to do whatever they can to avoid her fate, deal with life after doom, or just avoid the problem altogether! The worlds are usually based on an existing Otome Game or novel the main character is familiar with, or even wrote in their past life."
theme,Virtual Reality,Jtdx6TZCbmfgkVMLMCSBb,"A virtual reality is an immersive, computer-simulated environment that can be accessed using a computer, through a video game console, or even jacked into directly. These manga either take place inside a virtual reality, or might showcase a world where a virtual reality is commonplace."
theme,War,V34W7AfDdEadDob39PYt-,"In these manga, two or more factions are in the midst of an adversarial conflict. They take place on a number of scales, from minor conflicts between two villages, to country-wide, to intergalactic between worlds. Wars occur for many reasons, from racial tension to political maneuvering to plain old fun and games, with consequences ranging from genocide to loss of land and power."
theme,Weak to Strong,6ibGkv2LgXQAQ0obj4cbW,"Characters in these manga are weak, but through determination, hard work, and rigorous training, they become strong and masters of their field, whether it's martial arts, a job class in a game, or a hobby such as sports. These protagonists might even become powerful enough to be Overpowered Main Characters."
format,Web Novel,o249FBuo4eI-OGLavdLZU,"These titles are web novels: novels that are released on the web. See also: Light Novels, Novels."
format,Webtoon,oz9xaAbcLioO99Tr-bnFm,"A Webtoon is a type of online comic where each chapter is published as a single, vertical strip. They typically have Full Color artwork. Webtoons first originated in Korea and have since spread to other Asian and Western countries."
theme,Witchcraft,2Tf_rsEsvpIsitzOEKRlb,"These manga feature witches: magic users who often possess classic traits such as pointy hats, flying brooms, and black cat familiars. Some are protagonists looking to improve their craft, have adventures, or save the world; others might be tricksters or outright villains who cause suffering and misfortune for others. Young witches might study Magic by serving an Apprenticeship, or attending a Magic School."
theme,Work Life,g_PKUIVvAQUzRzLszyRvj,"These manga showcase the daily life of an employee, whether they are a waitress, a salaryman or beyond. Office politics, relationships, daily duties or little things the characters do to pass the time are frequent themes in these titles."
theme,World War 1,xqZhpoZcBZzkHZFHsi2B4,"These manga take place in or around the time frame of World War I, a period of great upheaval and change across Europe, America, and Asia. They may focus on events that were part of the war itself, or deal with its build-up, aftermath, or impact away from the front lines."
theme,World War 2,xqZhpoZcBZzkHZFHsi2B4,"These manga take place in or around the time frame of World War II, a period of great upheaval and change across Europe, America, and Asia. They may focus on events that were part of the war itself, or deal with its build-up, aftermath, or impact away from the front lines."
theme,Zodiac,OscCX-jcz6PO0OChdgsxG,"These manga have themes related to the Chinese or Western zodiac. They may include personifications or representations of zodiac characters, people who are possessed by them or draw power from them, or Gods or other living creatures with zodiac powers."
theme,Zombie,Es6Vnp7o2MdNCrQNLikzI,"Zombies can take many forms: from slow, shuffling and mindless undead, to relatively normal-looking humans, to anything in between. What they have in common is they're reanimated corpses brought back to life through an outside force. Who's hungry for some brains?!"
demographic,Seinen,c5NxFOcj1HnrC0Y9hVSDw,"Seinen (\\u9752\\u5e74), translated as \\""youth\\"", is a demographic aimed at men from late teens to adulthood who understand kanji. Seinen manga rarely include furigana with kanji, and have a wide variety of topics and themes. Seinen is the counterpart of Josei, a demographic aimed at women."
theme,Senpai-Kouhai Relationship,S0u9vUWNiHGDG-cIRj-ln,"These manga focus on a relationship between students who are in different grade levels. Upperclassmen are known as \\""senpai\\"" (\\u5148\\u8f29), while underclassmen are referred to as \\""kouhai\\"" (\\u5f8c\\u8f29). Notice me, senpai! "
theme,Shinigami,rsAvsu9mmvf-A5g3B44pe,"Shinigami, also known as death gods, are mysterious figures that interact with the dead or the soon-to-be deparated. These beings may assist souls in passing to another world by arriving to lend a helping hand at the moment a person dies, or might maliciously divert a passing soul for their own motives. Manga with Shinigami frequently take place in the afterlife or follow a Shinigami as they complete their duties."
demographic,Shoujo,A9MzwGmwNpnxl6GJgNuWC,"Shoujo (\\u5c11\\u5973), translated as \\""young woman\\"", is a demographic aimed at teenage girls. The most iconic and influential Shoujo character designs come from the early 20th century, where girls and boys alike were drawn with huge eyes. Shoujo is the counterpart of Shounen, a demographic aimed at boys and young men."
theme,Yaoi Hand Syndrome,TNS8dLnte_s2VMXTJvvIO,"Characters in these manga have excessively large hands, often reminiscent of Facehuggers or having fingers that are tentacle-like in nature. This sort of character design is most common in Yaoi manga (though isn't exclusive to the genre), and thus is referred to as Yaoi Hand Syndrome or simply Yaoi Hands."
theme,Youkai,oygU2IrRp1bnLn2Qi4_Rx,"These manga feature Youkai: Supernatural spirits that originate from Japanese Folklore. Common examples include the Kappa, Kitsune, and Yuki-onna."
theme,Tsundere,FFLz2D-hRM2tIvN9Mum3g,"Rough and tough exterior - soft, sweet, nougaty center. A Tsundere is a character who is or appears conflicted in their affection for another, seeming either interested or apathetic, dismissive, or even vicious in turns as the circumstances change. These manga showcase Tsundere types as major characters. B-because they don't really like that person! Baka!"
theme,Teens' Love,yDqj_h6dFJfQZ3Ds7CpGb,"Teens' Love (\\u30c6\\u30a3\\u30fc\\u30f3\\u30ba\\u30e9\\u30d6), also known as TL, is a Japanese demographic marketed towards women in their older teens to adults. TL stories emphasize smut and erotic themes and include detailed or prolonged sex scenes. They usually have a female protagonist and sometimes have a romance focus, but not always."
demographic,Shounen,ehO7o79-GJKhZx_iCVZ7f,"Shounen (\\u5c11\\u5e74), translated as \\""young boy\\"", is a demographic aimed at boys and young men, from elementary school age to around the age of 15. Shounen is the counterpart of Shoujo, a demographic aimed at teenage girls."
format,One Shot,YAp6-2WlUhWs2qOk4YCcl,"A One Shot is a single, standalone manga that tells a complete story in roughly 15-60 pages. While the majority of the time they consist of a single chapter, One Shots are occasionally several chapters long. One Shots are often released to gauge interest in a full series, in which case they're also labeled as Pilot Chapters. If popular, these Pilot Chapter/One Shots are serialized into a full series."
format,Manhua,R4oCWtQMv7X5ggtu8qf7_,"Manhua is the Chinese word for comics. These titles usually have authors and artists that are Chinese, and/or were first published in China."
format,Manhwa,o2QeOleekGVw1Pt1fIkYW,"Manhwa is the Korean word for comics. These titles usually have authors and artists that are Korean, and/or were first published in Korea."
theme,Kaijuu,y8vYgR4BIBFgDof5IZAXO,
genre,Iyashikei,1PgQusqMO0UHB__iGaafo,"Iyashikei (\\u7652\\u3057\\u7cfb) is a sub-genre of Slice of Life manga that is designed to have a \\""healing\\"" effect on the viewer. Iyashikei manga are typically Episodic, have little to no conflict, and showcase the characters' peaceful lives. These titles often take place in the peaceful Countryside, but can occur in a variety of other locations such as a home, workplace, or school. Common features include mellow atmospheres, soothing soundtracks, and gorgeous background art."
content warning,Guro,cUUIRZ1d6HbndfcK0RlNe,"Guro, also known as Ero-guro, is a subgenre of horror that combines extreme violence with deviant sexuality. Guro titles use grotesque imagery and break taboos as a means of social commentary on the decadence of society."
theme,Girls' Love,0XVvwSXdw-hX-1iczMe3c,"GL (short for Girls' Love) is a genre that depicts homosexual relationships between women. On Anime-Planet, Shoujo-ai categorizes romantic stories that focus on emotional aspects of relationships, while Yuri categorizes adult content."
theme,Boys' Love,_o6jAaqBC20L2y8Y8ubDS,"BL (short for Boys' Love) is a genre that depicts homosexual relationships between men. BL is the predominant term in Japan. In the West, the term Shounen-ai categorizes romantic stories that focus on emotional aspects of relationships, while Yaoi categorizes more of the sexual aspects such as Smut or explicit content."
theme,Gyaru,SrRiUR_ZULYaNC5-qxa4M,"Gyaru (\\u30ae\\u30e3\\u30eb) is a subculture of women, also known as \\""Gyaru girls\\"", who follow many types of Japanese street fashion. Gyaru girls are typically characterized by having heavily bleached or dyed hair, tanned skin, highly decorated nails, and dramatic makeup. There are many types of gyaru, such as Ganguro, Kogyaru, and Himegyaru."
theme,Fudanshi,OLeSXky-gTVJhZpznl9DD,"These manga feature Fudanshi (\\u8150\\u7537\\u5b50). Translated as \\""rotten boy\\"", the term describes men who are obsessed with men in homosexual relationships. Their preferred fiction is anything to do with Yaoi or Boys' Love (BL)."
theme,Fujoshi,241wA0CeLkg5rioK0pbub,"These manga feature Fujoshi (\\u8150\\u5973\\u5b50). Translated as \\""rotten girl\\"", the term describes women who are obsessed with men in homosexual relationships. Their preferred fiction is anything to do with Yaoi or Boys' Love (BL)."
theme,Futsal,FmCLdfirAaosXg7dZNwpW,"Futsal is the focus of these manga. Training and competing in tournaments or championships are common themes in sports titles, as well as team spirit, or being an underdog who goes against the odds to succeed."
theme,Chibi,7HS7EHvtDKBPbEbWHNaXq,"Chibi is Japanese slang for someone small and cute. In Western anime fandom, the term is used to describe characters who are \\""super deformed\\"", usually with giant heads and tiny bodies for comedic effect. In these manga, several or all of the characters frequently appear in a Chibi state."
content warning,Ecchi,9WGDFCp8epk6lIcNV9wk6,"Constant panty shots, bouncing breasts and dubious camera angles are hallmarks of an Ecchi title. These titles are usually sexualized and designed to titillate, depicting perverted themes and focusing heavily on the female body. Nosebleeds, suspicious hand positions, faceplanting into bosoms, expressive and exaggerated body parts and other tropes characterize this genre. Ecchi is all about fanservice, while Borderline H and Smut titles focus more on sexual content."
format,Doujinshi,QHBdGb1P8n7gs-5YYHsw3,"Doujin are a popular type of independently produced and distributed magazine, generally made in small print runs and often written by fans of manga and/or anime, including fan-fiction based on pre-existing characters from other authors. View Anime-Planet's policy for adding doujinshi to the database."
format,Rakugo,cuChpC3yJrFYDDmM7U3vf,"These manga feature rakugo (\\u843d\\u8a9e), a type of traditional Japanese storytelling. They may feature characters who are rakugo storytellers, or adapt classic rakugo stories."
format,Wuxia,LSMsl4Vp2wyBxc3sb6Nsi,"Wuxia (\\u6b66\\u4fa0) is one of the oldest genres in Chinese literature, and translates to \\""martial arts chivalry\\"". These manga feature Martial Arts heroes who will stop at nothing in order to become the strongest of them all. The hero may use their Cultivation skills to fight evil in their never-ending quest for strength."
format,Xianxia,QP44R_BKyI76MWScwhK_H,"Xianxia (\\u4ed9\\u4fa0) is a genre in Chinese literature that translates to \\""immortal hero\\"". These Fantasy manga feature characters who use Cultivation with their Martial Arts to gain immortality. These stories typically include Daoist concepts such as qi and yin/yang energy; immortal beings such as gods, ghosts and demons; the afterlife; and magic."
format,Novel,4s4E2D2RqQbrb6oKfbPlj,"These are longer works of writen fiction typically with multiple arcs and in depth character development."
demographic,Josei,qd3I5E-uP2FQDnXqKedrR,"Josei (\\u5973\\u6027)" is a demographic aimed at women from late teens through adulthood. These titles tend to be more mature"
content warning,Hentai,Z2Z8go89T6zRqN-5-EMoz,"Pornographic works that are primarily focused on sex. Typically, stories are one shots or epesodic."
content warning,Suggestive,KdoYKTms0S9Sg81CrqrYk,"Works that are suggestive either in humor or in what is shown. Typically, these stories do no show explicit sexual or graphic content."
content warning,Abuse,UTEaz4ssg1RzjDEXt5Yy8,"Stories that depict abuse, bullying, or targetted social/physical hard toward a character consistently."